name,size
decimal884.csv,15788
decimal3502.csv,38940
decimal1315.csv,4806
decimal1473.csv,75141
decimal3264.csv,62788
decimal3270.csv,17241
decimal1467.csv,7735
decimal1301.csv,31536
decimal648.csv,22373
decimal2608.csv,24205
decimal890.csv,9932
decimal3516.csv,140818
decimal1329.csv,153089
decimal660.csv,15274
decimal2620.csv,43562
decimal3258.csv,8607
decimal2146.csv,4549
decimal106.csv,4397
decimal2152.csv,15114
decimal112.csv,2658
decimal674.csv,8192
decimal2634.csv,6266
decimal847.csv,80204
decimal2807.csv,29575
decimal853.csv,167023
decimal2813.csv,4067
decimal2185.csv,22328
decimal2191.csv,8162
decimal1498.csv,20954
decimal338.csv,15489
decimal2378.csv,63044
decimal3066.csv,18835
decimal97.csv,6131
decimal1671.csv,8833
decimal1117.csv,7978
decimal1103.csv,9082
decimal83.csv,21538
decimal1665.csv,6247
decimal3072.csv,790
decimal1895.csv,18703
decimal304.csv,15644
decimal2344.csv,677
decimal2422.csv,115383
decimal462.csv,21787
decimal2436.csv,3219
decimal476.csv,14249
decimal310.csv,200708
decimal2350.csv,16242
decimal1881.csv,2576
decimal1659.csv,11205
decimal54.csv,3537
decimal489.csv,5264
decimal40.csv,11989
decimal3099.csv,138109
decimal2387.csv,19708
decimal1856.csv,28177
decimal68.csv,206029
decimal1842.csv,978
decimal2393.csv,15874
decimal3112.csv,11627
decimal1705.csv,4528
decimal1063.csv,1616
decimal1077.csv,128632
decimal1711.csv,238289
decimal3106.csv,4695
decimal2218.csv,11021
decimal258.csv,6480
decimal1739.csv,18870
decimal2230.csv,102043
decimal270.csv,8069
decimal516.csv,22333
decimal2556.csv,458
decimal502.csv,129226
decimal2542.csv,5915
decimal2224.csv,7382
decimal264.csv,8207
decimal1922.csv,3880
decimal2595.csv,70479
decimal2581.csv,1137
decimal1088.csv,10689
decimal1936.csv,70647
decimal3476.csv,2933
decimal2768.csv,64111
decimal728.csv,18984
decimal1261.csv,185623
decimal1507.csv,5603
decimal3310.csv,10441
decimal3304.csv,2250
decimal1513.csv,38640
decimal1275.csv,19905
decimal3462.csv,11598
decimal2754.csv,5795
decimal714.csv,2676
decimal2032.csv,48971
decimal2026.csv,9104
decimal3338.csv,4296
decimal2998.csv,1077
decimal2740.csv,5994
decimal700.csv,2000
decimal1249.csv,40273
decimal2973.csv,7651
decimal933.csv,32414
decimal2967.csv,5758
decimal927.csv,3626
decimal2797.csv,27782
decimal3489.csv,15126
decimal2783.csv,71564
decimal2782.csv,7869
decimal3488.csv,7590
decimal2796.csv,15573
decimal926.csv,20864
decimal2966.csv,10877
decimal932.csv,5810
decimal2972.csv,29637
decimal3339.csv,17690
decimal2027.csv,35479
decimal1248.csv,28127
decimal701.csv,12532
decimal2741.csv,16408
decimal2999.csv,14884
decimal715.csv,9862
decimal2755.csv,155205
decimal2033.csv,16105
decimal1512.csv,14647
decimal3305.csv,185973
decimal3463.csv,7388
decimal1274.csv,14184
decimal1260.csv,5755
decimal729.csv,15077
decimal2769.csv,35224
decimal3477.csv,9868
decimal3311.csv,11550
decimal1506.csv,5985
decimal1089.csv,18318
decimal2580.csv,10703
decimal1937.csv,6304
decimal1923.csv,6859
decimal2594.csv,124634
decimal2543.csv,114520
decimal503.csv,117454
decimal265.csv,145150
decimal2225.csv,9573
decimal271.csv,47147
decimal2231.csv,21852
decimal1738.csv,79464
decimal2557.csv,1592
decimal517.csv,5688
decimal1076.csv,24939
decimal259.csv,44049
decimal2219.csv,89812
decimal3107.csv,45870
decimal1710.csv,6484
decimal1704.csv,9456
decimal3113.csv,143038
decimal1062.csv,8039
decimal2392.csv,35027
decimal1843.csv,30927
decimal69.csv,67871
decimal1857.csv,5838
decimal2386.csv,13702
decimal3098.csv,3198
decimal488.csv,2598
decimal41.csv,3779
decimal55.csv,47299
decimal477.csv,35698
decimal2437.csv,43163
decimal1658.csv,65651
decimal1880.csv,4792
decimal2351.csv,371
decimal311.csv,3926
decimal2345.csv,20750
decimal305.csv,72234
decimal1894.csv,11982
decimal463.csv,7943
decimal2423.csv,7901
decimal1102.csv,39751
decimal3073.csv,5837
decimal1664.csv,6613
decimal82.csv,16542
decimal1670.csv,183435
decimal96.csv,51567
decimal3067.csv,10685
decimal2379.csv,8728
decimal339.csv,9905
decimal1116.csv,4000
decimal1499.csv,28222
decimal2190.csv,80456
decimal2184.csv,14649
decimal2812.csv,57785
decimal852.csv,6597
decimal2806.csv,22979
decimal846.csv,6721
decimal113.csv,200089
decimal2153.csv,21433
decimal2635.csv,44232
decimal675.csv,12685
decimal2621.csv,99406
decimal661.csv,8706
decimal1328.csv,29842
decimal107.csv,51054
decimal2147.csv,51426
decimal3259.csv,38794
decimal1466.csv,5667
decimal3271.csv,6547
decimal3517.csv,22822
decimal891.csv,103707
decimal2609.csv,12044
decimal649.csv,79223
decimal1300.csv,12844
decimal1314.csv,24826
decimal3503.csv,5406
decimal885.csv,83693
decimal3265.csv,74414
decimal1472.csv,25223
decimal1302.csv,131187
decimal3515.csv,5786
decimal893.csv,33097
decimal3273.csv,44836
decimal1464.csv,37648
decimal1470.csv,112083
decimal3267.csv,7960
decimal2179.csv,51595
decimal139.csv,3208
decimal3501.csv,2180
decimal887.csv,15434
decimal1316.csv,10750
decimal677.csv,27303
decimal2637.csv,59419
decimal3529.csv,10127
decimal1458.csv,9137
decimal2151.csv,103022
decimal111.csv,60814
decimal2145.csv,7550
decimal105.csv,7950
decimal663.csv,35248
decimal2623.csv,9640
decimal850.csv,106106
decimal2810.csv,41917
decimal688.csv,13122
decimal844.csv,813
decimal2804.csv,11723
decimal2192.csv,154915
decimal2186.csv,28177
decimal3298.csv,27321
decimal878.csv,33838
decimal2838.csv,15447
decimal80.csv,65290
decimal1666.csv,23128
decimal3071.csv,10781
decimal2409.csv,112716
decimal449.csv,32725
decimal1100.csv,82027
decimal1114.csv,17041
decimal3065.csv,14319
decimal94.csv,17606
decimal1672.csv,6457
decimal313.csv,408
decimal2353.csv,185964
decimal1882.csv,4642
decimal2435.csv,18955
decimal475.csv,14744
decimal2421.csv,17388
decimal461.csv,21061
decimal1128.csv,82871
decimal1896.csv,43238
decimal307.csv,5219
decimal2347.csv,6933
decimal3059.csv,5223
decimal43.csv,72444
decimal1869.csv,7308
decimal57.csv,13829
decimal1699.csv,153095
decimal1841.csv,7187
decimal2390.csv,18635
decimal2384.csv,53811
decimal1855.csv,8778
decimal1712.csv,3569
decimal3105.csv,21236
decimal1074.csv,114679
decimal1060.csv,20026
decimal529.csv,112331
decimal2569.csv,131474
decimal3111.csv,11816
decimal1706.csv,11872
decimal3139.csv,9325
decimal2227.csv,23639
decimal267.csv,6656
decimal1048.csv,23844
decimal501.csv,17851
decimal2541.csv,21088
decimal515.csv,7528
decimal2555.csv,46325
decimal2233.csv,3783
decimal273.csv,7043
decimal298.csv,9121
decimal1909.csv,163379
decimal1935.csv,77919
decimal2582.csv,41659
decimal2596.csv,4755
decimal1921.csv,4820
decimal1276.csv,7023
decimal3461.csv,135966
decimal2019.csv,1616
decimal3307.csv,15112
decimal1510.csv,119136
decimal1504.csv,955
decimal3313.csv,80449
decimal3475.csv,16589
decimal1262.csv,16834
decimal2743.csv,11939
decimal703.csv,7015
decimal2025.csv,7210
decimal2031.csv,87103
decimal1538.csv,9825
decimal3449.csv,4368
decimal2757.csv,103651
decimal717.csv,15694
decimal2964.csv,17446
decimal924.csv,16994
decimal2970.csv,15093
decimal930.csv,1698
decimal1289.csv,13014
decimal2780.csv,48396
decimal2958.csv,17475
decimal918.csv,7819
decimal2794.csv,136812
decimal2795.csv,3951
decimal919.csv,4224
decimal2959.csv,6418
decimal2781.csv,2684
decimal1288.csv,29007
decimal931.csv,836
decimal2971.csv,7094
decimal925.csv,22985
decimal2965.csv,3336
decimal1539.csv,8601
decimal2030.csv,59031
decimal716.csv,43216
decimal2756.csv,74449
decimal3448.csv,7040
decimal702.csv,2725
decimal2742.csv,7377
decimal2024.csv,3397
decimal3312.csv,6557
decimal1505.csv,60393
decimal1263.csv,9968
decimal3474.csv,40844
decimal3460.csv,8162
decimal1277.csv,8789
decimal1511.csv,4614
decimal3306.csv,17353
decimal2018.csv,23909
decimal2597.csv,69016
decimal1920.csv,9472
decimal1934.csv,41168
decimal2583.csv,117171
decimal1908.csv,3784
decimal299.csv,93941
decimal2554.csv,17663
decimal514.csv,4923
decimal272.csv,16131
decimal2232.csv,100819
decimal266.csv,34388
decimal2226.csv,34551
decimal3138.csv,24412
decimal2540.csv,428
decimal500.csv,12962
decimal1049.csv,3291
decimal2568.csv,9507
decimal528.csv,96865
decimal1061.csv,10409
decimal1707.csv,4317
decimal3110.csv,37654
decimal3104.csv,18884
decimal1713.csv,35217
decimal1075.csv,16022
decimal1854.csv,61722
decimal2385.csv,5379
decimal2391.csv,29132
decimal1840.csv,15401
decimal1698.csv,8516
decimal56.csv,400
decimal1868.csv,2557
decimal42.csv,17269
decimal1129.csv,12619
decimal460.csv,4293
decimal2420.csv,2036
decimal3058.csv,10445
decimal2346.csv,91012
decimal306.csv,9751
decimal1897.csv,9096
decimal1883.csv,7893
decimal2352.csv,7318
decimal312.csv,4721
decimal474.csv,3825
decimal2434.csv,9218
decimal1115.csv,143012
decimal1673.csv,4694
decimal95.csv,4523
decimal3064.csv,34956
decimal3070.csv,139098
decimal1667.csv,662
decimal81.csv,8400
decimal1101.csv,34681
decimal448.csv,18137
decimal2408.csv,18021
decimal3299.csv,35553
decimal2187.csv,99984
decimal2839.csv,3731
decimal879.csv,13441
decimal2193.csv,35210
decimal2805.csv,1033
decimal845.csv,5522
decimal689.csv,4609
decimal2811.csv,15971
decimal851.csv,349
decimal104.csv,7113
decimal2144.csv,136768
decimal2622.csv,8665
decimal662.csv,21823
decimal3528.csv,40025
decimal2636.csv,5539
decimal676.csv,26735
decimal110.csv,6684
decimal2150.csv,4429
decimal1459.csv,57926
decimal138.csv,22267
decimal2178.csv,4956
decimal3266.csv,174227
decimal1471.csv,61015
decimal1317.csv,10624
decimal886.csv,20000
decimal3500.csv,7998
decimal892.csv,6097
decimal3514.csv,4115
decimal1303.csv,18858
decimal1465.csv,15767
decimal3272.csv,25338
decimal114.csv,31912
decimal2154.csv,169546
decimal2632.csv,6169
decimal672.csv,22664
decimal2626.csv,3651
decimal666.csv,1654
decimal3538.csv,12077
decimal100.csv,3969
decimal2140.csv,6452
decimal1449.csv,78971
decimal3276.csv,75712
decimal128.csv,4729
decimal2168.csv,35529
decimal1461.csv,76224
decimal1307.csv,20224
decimal3510.csv,6522
decimal896.csv,6244
decimal3504.csv,1137
decimal882.csv,42539
decimal1313.csv,3783
decimal1475.csv,54578
decimal3262.csv,2134
decimal2197.csv,17947
decimal3289.csv,2496
decimal2829.csv,9695
decimal869.csv,14284
decimal2183.csv,7617
decimal2815.csv,11237
decimal855.csv,10519
decimal2801.csv,31156
decimal841.csv,8524
decimal699.csv,7200
decimal1139.csv,13902
decimal470.csv,30070
decimal2430.csv,5349
decimal2356.csv,37778
decimal316.csv,165205
decimal3048.csv,1639
decimal1887.csv,5728
decimal1893.csv,295
decimal2342.csv,30768
decimal302.csv,54241
decimal464.csv,2539
decimal2424.csv,3210
decimal1105.csv,19854
decimal85.csv,36667
decimal1663.csv,1213
decimal3074.csv,64790
decimal3060.csv,88059
decimal91.csv,90888
decimal1677.csv,13792
decimal1111.csv,20527
decimal458.csv,140454
decimal2418.csv,26736
decimal1844.csv,21264
decimal2395.csv,19939
decimal2381.csv,5457
decimal1688.csv,60453
decimal1850.csv,7171
decimal1878.csv,32797
decimal46.csv,222825
decimal52.csv,3442
decimal2544.csv,5210
decimal504.csv,27164
decimal262.csv,21355
decimal2222.csv,9820
decimal3128.csv,24561
decimal276.csv,8431
decimal2236.csv,9828
decimal2550.csv,105192
decimal510.csv,26961
decimal1059.csv,16892
decimal2578.csv,31483
decimal538.csv,65010
decimal1071.csv,14109
decimal1717.csv,11546
decimal3100.csv,13181
decimal3114.csv,4923
decimal1703.csv,14313
decimal1065.csv,12672
decimal2587.csv,135429
decimal1930.csv,1292
decimal1924.csv,8286
decimal2593.csv,5301
decimal1918.csv,19477
decimal289.csv,130032
decimal1529.csv,11855
decimal2020.csv,68949
decimal3458.csv,8666
decimal706.csv,5231
decimal2746.csv,3022
decimal712.csv,21215
decimal2752.csv,54731
decimal2034.csv,31784
decimal3302.csv,11156
decimal1515.csv,3117
decimal1273.csv,10804
decimal3464.csv,23458
decimal3470.csv,67524
decimal1267.csv,115546
decimal1501.csv,59906
decimal2008.csv,36390
decimal3316.csv,74847
decimal2785.csv,17022
decimal2791.csv,63660
decimal909.csv,31528
decimal2949.csv,28874
decimal1298.csv,53179
decimal921.csv,44075
decimal2961.csv,25179
decimal935.csv,8072
decimal2975.csv,4465
decimal2974.csv,29643
decimal934.csv,50147
decimal2960.csv,33997
decimal920.csv,292
decimal1299.csv,5847
decimal2948.csv,3199
decimal908.csv,159664
decimal2790.csv,11782
decimal2784.csv,8786
decimal1266.csv,43165
decimal3471.csv,6927
decimal3317.csv,9484
decimal2009.csv,20607
decimal1500.csv,228601
decimal1514.csv,84860
decimal3303.csv,33618
decimal3465.csv,6961
decimal1272.csv,9667
decimal.csv,9154
decimal2753.csv,2521
decimal713.csv,8303
decimal2035.csv,69596
decimal2021.csv,11679
decimal1528.csv,17971
decimal2747.csv,29701
decimal707.csv,14063
decimal3459.csv,9009
decimal288.csv,53684
decimal1919.csv,14507
decimal1925.csv,3535
decimal2592.csv,165264
decimal2586.csv,16227
decimal1931.csv,468
decimal1702.csv,39287
decimal3115.csv,4024
decimal1064.csv,8434
decimal1070.csv,22494
decimal539.csv,34524
decimal2579.csv,4325
decimal3101.csv,23478
decimal1716.csv,8644
decimal2237.csv,9717
decimal277.csv,31408
decimal3129.csv,20478
decimal1058.csv,990
decimal511.csv,46967
decimal2551.csv,5271
decimal505.csv,65830
decimal2545.csv,2082
decimal2223.csv,5083
decimal263.csv,214
decimal53.csv,196318
decimal47.csv,112497
decimal1879.csv,13073
decimal1851.csv,32970
decimal1689.csv,2770
decimal2380.csv,113914
decimal2394.csv,16154
decimal1845.csv,46047
decimal1676.csv,120237
decimal90.csv,20231
decimal3061.csv,21854
decimal2419.csv,14934
decimal459.csv,186253
decimal1110.csv,19130
decimal1104.csv,9471
decimal3075.csv,35403
decimal1662.csv,888
decimal84.csv,23323
decimal303.csv,82405
decimal2343.csv,8237
decimal1892.csv,35518
decimal2425.csv,11626
decimal465.csv,10039
decimal2431.csv,135915
decimal471.csv,24995
decimal1138.csv,19349
decimal1886.csv,27669
decimal3049.csv,123027
decimal317.csv,175229
decimal2357.csv,21355
decimal698.csv,4660
decimal840.csv,77933
decimal2800.csv,34280
decimal854.csv,13784
decimal2814.csv,3166
decimal2182.csv,25018
decimal3288.csv,2755
decimal2196.csv,6582
decimal868.csv,12700
decimal2828.csv,202993
decimal1312.csv,2401
decimal883.csv,8697
decimal3505.csv,150634
decimal3263.csv,39334
decimal1474.csv,60018
decimal1460.csv,4409
decimal2169.csv,6703
decimal129.csv,77122
decimal3277.csv,23574
decimal897.csv,7370
decimal3511.csv,4188
decimal1306.csv,154245
decimal3539.csv,76667
decimal667.csv,79392
decimal2627.csv,12222
decimal1448.csv,96038
decimal2141.csv,20284
decimal101.csv,26349
decimal2155.csv,4650
decimal115.csv,149035
decimal673.csv,24241
decimal2633.csv,37249
decimal103.csv,9740
decimal2143.csv,9101
decimal2625.csv,16005
decimal665.csv,21130
decimal2631.csv,3233
decimal671.csv,12302
decimal1338.csv,174555
decimal3249.csv,16684
decimal117.csv,5955
decimal2157.csv,26511
decimal1476.csv,1599
decimal3261.csv,6889
decimal2619.csv,4653
decimal659.csv,4463
decimal881.csv,19627
decimal3507.csv,4564
decimal1310.csv,80482
decimal1304.csv,9948
decimal895.csv,231829
decimal3513.csv,22950
decimal3275.csv,7004
decimal1462.csv,50261
decimal1489.csv,6097
decimal2180.csv,71080
decimal2194.csv,10244
decimal2802.csv,7666
decimal842.csv,31954
decimal2816.csv,18427
decimal856.csv,15977
decimal467.csv,139490
decimal2427.csv,86844
decimal1890.csv,19822
decimal1648.csv,3720
decimal2341.csv,3848
decimal301.csv,6956
decimal2355.csv,89147
decimal315.csv,40575
decimal1884.csv,544
decimal473.csv,16148
decimal2433.csv,137749
decimal1112.csv,8302
decimal3063.csv,9015
decimal92.csv,29278
decimal1674.csv,693
decimal86.csv,2653
decimal1660.csv,9520
decimal2369.csv,16635
decimal329.csv,17332
decimal3077.csv,5912
decimal1106.csv,14600
decimal2382.csv,99639
decimal1853.csv,19243
decimal1847.csv,22719
decimal79.csv,13714
decimal3088.csv,1269
decimal2396.csv,13559
decimal498.csv,4171
decimal51.csv,3051
decimal45.csv,87210
decimal2553.csv,15563
decimal513.csv,19022
decimal275.csv,69783
decimal2235.csv,485
decimal261.csv,30375
decimal2221.csv,544
decimal1728.csv,3173
decimal2547.csv,5217
decimal507.csv,67496
decimal1066.csv,7306
decimal3117.csv,6598
decimal249.csv,5722
decimal2209.csv,24594
decimal1700.csv,5985
decimal1714.csv,21687
decimal3103.csv,178333
decimal1072.csv,7558
decimal1099.csv,75074
decimal2590.csv,184424
decimal1927.csv,7868
decimal1933.csv,34165
decimal2584.csv,5430
decimal2037.csv,451
decimal3329.csv,8520
decimal1258.csv,49043
decimal2989.csv,19797
decimal711.csv,7989
decimal2751.csv,136785
decimal705.csv,5296
decimal2745.csv,112399
decimal2023.csv,3158
decimal1502.csv,2553
decimal3315.csv,49884
decimal3473.csv,2518
decimal1264.csv,2401
decimal1270.csv,143492
decimal3467.csv,7361
decimal739.csv,33824
decimal2779.csv,5919
decimal3301.csv,28716
decimal1516.csv,71910
decimal2792.csv,9455
decimal2786.csv,5306
decimal3498.csv,10120
decimal936.csv,5672
decimal2976.csv,5505
decimal922.csv,2135
decimal2962.csv,40837
decimal2963.csv,6612
decimal923.csv,6145
decimal2977.csv,5455
decimal937.csv,174056
decimal3499.csv,33856
decimal2787.csv,155716
decimal2793.csv,7171
decimal2778.csv,6236
decimal738.csv,1176
decimal3466.csv,37201
decimal1271.csv,13350
decimal1517.csv,98275
decimal3300.csv,19039
decimal3314.csv,15689
decimal1503.csv,9975
decimal1265.csv,173368
decimal3472.csv,67704
decimal2744.csv,28515
decimal704.csv,4252
decimal2022.csv,10172
decimal3328.csv,84860
decimal2036.csv,17481
decimal2750.csv,23061
decimal710.csv,7573
decimal2988.csv,12746
decimal1259.csv,19710
decimal1932.csv,12313
decimal2585.csv,39515
decimal2591.csv,51648
decimal1098.csv,4267
decimal1926.csv,11677
decimal3102.csv,4909
decimal1715.csv,3796
decimal1073.csv,19261
decimal1067.csv,7713
decimal1701.csv,19285
decimal2208.csv,9599
decimal248.csv,4429
decimal3116.csv,37752
decimal1729.csv,426
decimal2220.csv,12357
decimal260.csv,8147
decimal506.csv,19917
decimal2546.csv,26950
decimal512.csv,7908
decimal2552.csv,11641
decimal2234.csv,2525
decimal274.csv,18015
decimal44.csv,9023
decimal499.csv,28514
decimal50.csv,86149
decimal2397.csv,4073
decimal3089.csv,955
decimal78.csv,4303
decimal1846.csv,13485
decimal1852.csv,4680
decimal2383.csv,181550
decimal3076.csv,81453
decimal328.csv,5594
decimal2368.csv,16569
decimal1661.csv,4099
decimal87.csv,10147
decimal1107.csv,5896
decimal1113.csv,2870
decimal1675.csv,127920
decimal93.csv,1847
decimal3062.csv,134662
decimal1885.csv,10005
decimal314.csv,19364
decimal2354.csv,100768
decimal2432.csv,78997
decimal472.csv,25772
decimal2426.csv,641
decimal466.csv,106304
decimal300.csv,15010
decimal2340.csv,4895
decimal1649.csv,26700
decimal1891.csv,14234
decimal857.csv,13188
decimal2817.csv,68745
decimal843.csv,75395
decimal2803.csv,31737
decimal2195.csv,4003
decimal2181.csv,10734
decimal1488.csv,173704
decimal3512.csv,64366
decimal894.csv,90792
decimal1305.csv,4212
decimal1463.csv,10434
decimal3274.csv,26857
decimal3260.csv,26776
decimal1477.csv,9121
decimal1311.csv,7363
decimal3506.csv,10669
decimal880.csv,11490
decimal658.csv,8195
decimal2618.csv,11628
decimal1339.csv,662
decimal670.csv,26754
decimal2630.csv,4389
decimal2156.csv,20263
decimal116.csv,6199
decimal3248.csv,9070
decimal2142.csv,5127
decimal102.csv,10229
decimal664.csv,47999
decimal2624.csv,9101
decimal3207.csv,813
decimal2119.csv,44326
decimal159.csv,57175
decimal1410.csv,9443
decimal1376.csv,5723
decimal3561.csv,3785
decimal3575.csv,5374
decimal1362.csv,29631
decimal1404.csv,82694
decimal3213.csv,13156
decimal2125.csv,6544
decimal165.csv,12993
decimal603.csv,49182
decimal2643.csv,5904
decimal617.csv,14437
decimal2657.csv,4179
decimal3549.csv,124418
decimal2131.csv,97768
decimal171.csv,6380
decimal1438.csv,9957
decimal824.csv,118094
decimal2864.csv,5106
decimal830.csv,6409
decimal2870.csv,11728
decimal1389.csv,75877
decimal818.csv,5902
decimal2858.csv,4137
decimal2680.csv,8295
decimal2694.csv,40067
decimal1174.csv,6714
decimal1612.csv,5908
decimal3005.csv,17292
decimal3011.csv,13638
decimal1606.csv,22668
decimal1160.csv,88065
decimal2469.csv,83223
decimal429.csv,6528
decimal1148.csv,813
decimal2441.csv,30273
decimal401.csv,3603
decimal367.csv,4249
decimal2327.csv,2521
decimal3039.csv,43820
decimal373.csv,1477
decimal2333.csv,7598
decimal2455.csv,51466
decimal415.csv,117821
decimal398.csv,7300
decimal1809.csv,262
decimal37.csv,8443
decimal23.csv,4226
decimal2482.csv,5751
decimal1835.csv,3105
decimal1821.csv,130873
decimal2496.csv,7958
decimal549.csv,6522
decimal2509.csv,4316
decimal1000.csv,5852
decimal1766.csv,20003
decimal3171.csv,17575
decimal3165.csv,23643
decimal1772.csv,243246
decimal1014.csv,160499
decimal575.csv,9600
decimal2535.csv,69926
decimal2253.csv,28227
decimal213.csv,12594
decimal1982.csv,2494
decimal1996.csv,925
decimal3159.csv,189729
decimal2247.csv,3814
decimal207.csv,39042
decimal561.csv,73533
decimal2521.csv,3486
decimal1028.csv,2847
decimal4.csv,4723
decimal1969.csv,3323
decimal1941.csv,1613
decimal1799.csv,9620
decimal2290.csv,9137
decimal2284.csv,15717
decimal1955.csv,15302
decimal3373.csv,15600
decimal1564.csv,14686
decimal1202.csv,76031
decimal3415.csv,39034
decimal993.csv,17873
decimal3401.csv,56527
decimal987.csv,87134
decimal1216.csv,166605
decimal1570.csv,7271
decimal2079.csv,8946
decimal3367.csv,8167
decimal1558.csv,4084
decimal2051.csv,31011
decimal3429.csv,19938
decimal2737.csv,30097
decimal777.csv,197044
decimal2723.csv,669
decimal763.csv,11375
decimal2045.csv,29149
decimal788.csv,1775
decimal2910.csv,26811
decimal950.csv,10778
decimal2904.csv,87417
decimal944.csv,69710
decimal2092.csv,20540
decimal2938.csv,19976
decimal978.csv,25082
decimal3398.csv,4812
decimal2086.csv,96586
decimal979.csv,28681
decimal2939.csv,13984
decimal2087.csv,13194
decimal3399.csv,19950
decimal2093.csv,5424
decimal945.csv,58592
decimal2905.csv,3688
decimal951.csv,18210
decimal2911.csv,142800
decimal789.csv,74847
decimal762.csv,24343
decimal2722.csv,10585
decimal2044.csv,7049
decimal2050.csv,10409
decimal1559.csv,8933
decimal776.csv,57573
decimal2736.csv,77571
decimal3428.csv,100990
decimal1217.csv,174746
decimal986.csv,1207
decimal3400.csv,8623
decimal3366.csv,4503
decimal2078.csv,641
decimal1571.csv,2223
decimal1565.csv,5846
decimal3372.csv,102270
decimal992.csv,52582
decimal3414.csv,14246
decimal1203.csv,23657
decimal1954.csv,10912
decimal2285.csv,167954
decimal2291.csv,1287
decimal1798.csv,38713
decimal1940.csv,7137
decimal1968.csv,6524
decimal5.csv,25615
decimal206.csv,8743
decimal2246.csv,105610
decimal3158.csv,20495
decimal1997.csv,2081
decimal1029.csv,32659
decimal2520.csv,79965
decimal560.csv,14283
decimal2534.csv,31427
decimal574.csv,8960
decimal1983.csv,100310
decimal212.csv,153756
decimal2252.csv,28355
decimal1773.csv,15698
decimal3164.csv,192556
decimal1015.csv,5194
decimal1001.csv,38081
decimal2508.csv,6881
decimal548.csv,25723
decimal3170.csv,89901
decimal1767.csv,10715
decimal1820.csv,17537
decimal2497.csv,9029
decimal2483.csv,75397
decimal1834.csv,160337
decimal22.csv,990
decimal36.csv,9940
decimal1808.csv,12600
decimal399.csv,17344
decimal2332.csv,23910
decimal372.csv,1447
decimal414.csv,88083
decimal2454.csv,32647
decimal400.csv,5815
decimal2440.csv,2156
decimal1149.csv,7921
decimal3038.csv,11772
decimal2326.csv,33336
decimal366.csv,10345
decimal1607.csv,8554
decimal3010.csv,7962
decimal428.csv,4638
decimal2468.csv,13438
decimal1161.csv,80260
decimal1175.csv,35552
decimal3004.csv,19878
decimal1613.csv,8163
decimal2695.csv,26268
decimal2681.csv,8915
decimal2859.csv,7011
decimal819.csv,19585
decimal1388.csv,21017
decimal2871.csv,56729
decimal831.csv,193624
decimal2865.csv,6647
decimal825.csv,58217
decimal3548.csv,18244
decimal2656.csv,15788
decimal616.csv,4329
decimal1439.csv,10551
decimal170.csv,9410
decimal2130.csv,6564
decimal164.csv,4111
decimal2124.csv,49314
decimal2642.csv,135152
decimal602.csv,91768
decimal1363.csv,100486
decimal3574.csv,9054
decimal3212.csv,14894
decimal1405.csv,67463
decimal1411.csv,8624
decimal158.csv,9761
decimal2118.csv,75845
decimal3206.csv,8733
decimal3560.csv,2658
decimal1377.csv,5821
decimal1407.csv,14645
decimal3210.csv,4693
decimal628.csv,567
decimal2668.csv,12675
decimal1361.csv,33112
decimal1375.csv,29881
decimal3562.csv,38566
decimal3204.csv,161972
decimal1413.csv,39208
decimal2132.csv,109463
decimal172.csv,43874
decimal614.csv,56675
decimal2654.csv,8861
decimal600.csv,64824
decimal2640.csv,175561
decimal2898.csv,6342
decimal1349.csv,14903
decimal3238.csv,60154
decimal2126.csv,18445
decimal166.csv,8791
decimal833.csv,477
decimal2873.csv,3784
decimal827.csv,17675
decimal2867.csv,3556
decimal199.csv,7346
decimal2697.csv,61214
decimal2683.csv,127281
decimal1163.csv,11400
decimal3012.csv,8073
decimal1605.csv,11382
decimal1611.csv,57908
decimal358.csv,25990
decimal2318.csv,10727
decimal3006.csv,23569
decimal1177.csv,7784
decimal2456.csv,216850
decimal416.csv,27184
decimal1639.csv,140082
decimal370.csv,128483
decimal2330.csv,2969
decimal364.csv,29218
decimal2324.csv,45550
decimal2442.csv,34212
decimal402.csv,25553
decimal20.csv,108258
decimal34.csv,11521
decimal2495.csv,89946
decimal1822.csv,60045
decimal1836.csv,2749
decimal2481.csv,3642
decimal1188.csv,2749
decimal1017.csv,26554
decimal3166.csv,5286
decimal2278.csv,1271
decimal238.csv,28662
decimal1771.csv,3985
decimal1765.csv,26966
decimal3172.csv,8944
decimal1003.csv,88652
decimal562.csv,100663
decimal2522.csv,371
decimal1995.csv,1716
decimal2244.csv,9457
decimal204.csv,7662
decimal2250.csv,4698
decimal210.csv,6786
decimal1759.csv,5496
decimal1981.csv,32124
decimal576.csv,41503
decimal2536.csv,58140
decimal7.csv,16461
decimal589.csv,5438
decimal2287.csv,92171
decimal3199.csv,10153
decimal1956.csv,186991
decimal1942.csv,16123
decimal2293.csv,84860
decimal1573.csv,6859
decimal3364.csv,6962
decimal984.csv,4812
decimal3402.csv,171174
decimal1215.csv,18435
decimal1201.csv,128077
decimal990.csv,6866
decimal3416.csv,18779
decimal2708.csv,19783
decimal748.csv,12770
decimal3370.csv,5966
decimal1567.csv,1822
decimal2046.csv,71860
decimal3358.csv,175687
decimal1229.csv,61225
decimal2720.csv,22787
decimal760.csv,10871
decimal2734.csv,74866
decimal774.csv,567
decimal2052.csv,581
decimal2907.csv,720
decimal947.csv,15360
decimal2913.csv,2597
decimal953.csv,12564
decimal2085.csv,7682
decimal2091.csv,10883
decimal1598.csv,20573
decimal1599.csv,3441
decimal2090.csv,116153
decimal2084.csv,76640
decimal952.csv,2696
decimal2912.csv,13363
decimal946.csv,40380
decimal2906.csv,121983
decimal775.csv,2741
decimal2735.csv,6784
decimal2053.csv,17006
decimal3359.csv,8417
decimal2047.csv,3861
decimal761.csv,35168
decimal2721.csv,2876
decimal1228.csv,117446
decimal749.csv,12895
decimal2709.csv,171560
decimal3417.csv,210521
decimal991.csv,6907
decimal1200.csv,2555
decimal1566.csv,3989
decimal3371.csv,825
decimal3365.csv,26639
decimal1572.csv,2047
decimal1214.csv,50882
decimal3403.csv,1387
decimal985.csv,4588
decimal2292.csv,6432
decimal1943.csv,19371
decimal1957.csv,67063
decimal3198.csv,29582
decimal2286.csv,13675
decimal6.csv,12995
decimal588.csv,88109
decimal1980.csv,9420
decimal1758.csv,5047
decimal211.csv,34681
decimal2251.csv,9943
decimal2537.csv,117145
decimal577.csv,16797
decimal2523.csv,23025
decimal563.csv,11411
decimal205.csv,11101
decimal2245.csv,12502
decimal1994.csv,4929
decimal3173.csv,8420
decimal1764.csv,16576
decimal1002.csv,7846
decimal1016.csv,20621
decimal1770.csv,36813
decimal239.csv,122637
decimal2279.csv,5491
decimal3167.csv,8162
decimal1837.csv,16103
decimal1189.csv,199083
decimal2480.csv,38119
decimal2494.csv,52732
decimal1823.csv,23856
decimal35.csv,33601
decimal21.csv,10245
decimal2325.csv,3575
decimal365.csv,10300
decimal403.csv,116337
decimal2443.csv,164665
decimal417.csv,15243
decimal2457.csv,4994
decimal2331.csv,825
decimal371.csv,53336
decimal1638.csv,62048
decimal3007.csv,14809
decimal2319.csv,14926
decimal359.csv,86326
decimal1610.csv,19199
decimal1176.csv,103483
decimal1162.csv,24343
decimal1604.csv,147028
decimal3013.csv,18162
decimal2682.csv,69731
decimal2696.csv,14136
decimal2866.csv,4956
decimal826.csv,9759
decimal198.csv,14548
decimal2872.csv,51882
decimal832.csv,3386
decimal1348.csv,14599
decimal2899.csv,19444
decimal2641.csv,16422
decimal601.csv,111139
decimal167.csv,133281
decimal2127.csv,4705
decimal3239.csv,20592
decimal173.csv,15182
decimal2133.csv,23694
decimal2655.csv,4358
decimal615.csv,4469
decimal3563.csv,33895
decimal1374.csv,8586
decimal1412.csv,78112
decimal3205.csv,12440
decimal3211.csv,41652
decimal1406.csv,115667
decimal1360.csv,22705
decimal2669.csv,74429
decimal629.csv,181753
decimal1358.csv,43738
decimal2651.csv,48872
decimal611.csv,84202
decimal2889.csv,142298
decimal3229.csv,72900
decimal177.csv,12794
decimal2137.csv,83959
decimal163.csv,19087
decimal2123.csv,645
decimal2645.csv,99433
decimal605.csv,140165
decimal3573.csv,37048
decimal1364.csv,2331
decimal1402.csv,6106
decimal3215.csv,7254
decimal3201.csv,11674
decimal1416.csv,43659
decimal1370.csv,187113
decimal2679.csv,7032
decimal639.csv,6011
decimal3567.csv,9105
decimal2692.csv,13885
decimal2686.csv,6762
decimal2876.csv,15555
decimal836.csv,12332
decimal188.csv,60492
decimal2862.csv,17774
decimal822.csv,68399
decimal2335.csv,19681
decimal375.csv,5625
decimal413.csv,4495
decimal2453.csv,139802
decimal407.csv,661
decimal2447.csv,2553
decimal2321.csv,6203
decimal361.csv,4865
decimal1628.csv,5554
decimal2309.csv,30710
decimal349.csv,14685
decimal3017.csv,76645
decimal1600.csv,69441
decimal1166.csv,6484
decimal1172.csv,10327
decimal1614.csv,123265
decimal3003.csv,11436
decimal1827.csv,99283
decimal19.csv,15319
decimal1199.csv,46490
decimal2490.csv,581
decimal2484.csv,8553
decimal1833.csv,3342
decimal25.csv,10835
decimal31.csv,124513
decimal1748.csv,16341
decimal1990.csv,109094
decimal201.csv,24981
decimal2241.csv,10419
decimal2527.csv,4019
decimal567.csv,160696
decimal2533.csv,1775
decimal573.csv,24160
decimal215.csv,18622
decimal2255.csv,36251
decimal1984.csv,70982
decimal3163.csv,62994
decimal1774.csv,13743
decimal1012.csv,5442
decimal1006.csv,923
decimal1760.csv,56789
decimal3177.csv,83688
decimal229.csv,17588
decimal2269.csv,8035
decimal2282.csv,25697
decimal1953.csv,6352
decimal1947.csv,3022
decimal2296.csv,180792
decimal3188.csv,5994
decimal598.csv,15338
decimal2.csv,80013
decimal765.csv,4064
decimal2725.csv,8727
decimal2043.csv,33388
decimal2057.csv,1654
decimal3349.csv,11367
decimal771.csv,15227
decimal2731.csv,7711
decimal1238.csv,179818
decimal981.csv,2711
decimal3407.csv,4801
decimal759.csv,5478
decimal2719.csv,162141
decimal1210.csv,9573
decimal1576.csv,21582
decimal3361.csv,21713
decimal3375.csv,1287
decimal1562.csv,5915
decimal1204.csv,4658
decimal995.csv,16755
decimal3413.csv,18951
decimal1589.csv,30207
decimal2080.csv,32449
decimal2094.csv,2517
decimal942.csv,28218
decimal2902.csv,18745
decimal956.csv,32398
decimal2916.csv,210244
decimal2917.csv,199708
decimal957.csv,677
decimal2903.csv,13557
decimal943.csv,136633
decimal2095.csv,85684
decimal2081.csv,9414
decimal1588.csv,16364
decimal1563.csv,112296
decimal3374.csv,4338
decimal3412.csv,9824
decimal994.csv,14815
decimal1205.csv,15480
decimal1211.csv,10104
decimal2718.csv,23528
decimal758.csv,8648
decimal3406.csv,11846
decimal980.csv,2632
decimal3360.csv,74140
decimal1577.csv,3731
decimal3348.csv,36583
decimal2056.csv,134538
decimal1239.csv,43478
decimal2730.csv,2082
decimal770.csv,127915
decimal2724.csv,11067
decimal764.csv,91193
decimal2042.csv,4731
decimal3.csv,4324
decimal599.csv,81799
decimal3189.csv,8213
decimal2297.csv,5890
decimal1946.csv,907
decimal1952.csv,2462
decimal2283.csv,12706
decimal1007.csv,118457
decimal2268.csv,55618
decimal228.csv,6088
decimal3176.csv,3173
decimal1761.csv,4760
decimal1775.csv,51932
decimal3162.csv,10141
decimal1013.csv,50135
decimal572.csv,46916
decimal2532.csv,5915
decimal1985.csv,52988
decimal2254.csv,20183
decimal214.csv,9987
decimal2240.csv,53331
decimal200.csv,56450
decimal1991.csv,1207
decimal1749.csv,8420
decimal566.csv,139578
decimal2526.csv,1263
decimal30.csv,10545
decimal24.csv,60009
decimal2485.csv,55675
decimal1832.csv,87652
decimal18.csv,89623
decimal1826.csv,1355
decimal2491.csv,56320
decimal1198.csv,4705
decimal1173.csv,195983
decimal3002.csv,75713
decimal1615.csv,21115
decimal1601.csv,14343
decimal3016.csv,7346
decimal348.csv,81089
decimal2308.csv,98837
decimal1167.csv,39368
decimal2446.csv,78496
decimal406.csv,11853
decimal1629.csv,60487
decimal360.csv,3336
decimal2320.csv,6933
decimal374.csv,26484
decimal2334.csv,349
decimal2452.csv,8491
decimal412.csv,8292
decimal823.csv,32420
decimal2863.csv,8950
decimal837.csv,31863
decimal2877.csv,70456
decimal189.csv,4172
decimal2687.csv,22875
decimal2693.csv,13147
decimal1417.csv,43814
decimal3200.csv,13674
decimal3566.csv,6449
decimal638.csv,65068
decimal2678.csv,13734
decimal1371.csv,71866
decimal1365.csv,547
decimal3572.csv,39145
decimal3214.csv,50850
decimal1403.csv,13950
decimal2122.csv,24435
decimal162.csv,9908
decimal604.csv,74563
decimal2644.csv,44852
decimal2888.csv,16313
decimal610.csv,63547
decimal2650.csv,21786
decimal1359.csv,37626
decimal2136.csv,122614
decimal176.csv,4680
decimal3228.csv,20782
decimal2646.csv,52799
decimal606.csv,16658
decimal3558.csv,901
decimal1429.csv,46628
decimal160.csv,47960
decimal2120.csv,15252
decimal174.csv,26722
decimal2134.csv,66804
decimal2652.csv,19603
decimal612.csv,44272
decimal1373.csv,126504
decimal3564.csv,77149
decimal3202.csv,1170
decimal1415.csv,30985
decimal1401.csv,75156
decimal3216.csv,3903
decimal148.csv,2371
decimal2108.csv,218654
decimal3570.csv,5563
decimal1367.csv,5158
decimal2685.csv,10527
decimal2849.csv,6314
decimal809.csv,10512
decimal2691.csv,6529
decimal1398.csv,79101
decimal2861.csv,34998
decimal821.csv,9077
decimal2875.csv,12108
decimal835.csv,84666
decimal2322.csv,7210
decimal362.csv,4591
decimal404.csv,29081
decimal2444.csv,6909
decimal410.csv,14719
decimal2450.csv,8848
decimal1159.csv,23177
decimal2336.csv,10489
decimal376.csv,13046
decimal3028.csv,25931
decimal1617.csv,103716
decimal3000.csv,28426
decimal438.csv,104567
decimal2478.csv,174452
decimal1171.csv,17696
decimal1165.csv,40131
decimal3014.csv,6652
decimal1603.csv,199359
decimal1830.csv,42221
decimal2487.csv,13009
decimal2493.csv,37617
decimal1824.csv,228920
decimal32.csv,15312
decimal1818.csv,124152
decimal26.csv,70622
decimal389.csv,7071
decimal3148.csv,200388
decimal216.csv,182016
decimal2256.csv,401
decimal1987.csv,14753
decimal1039.csv,4911
decimal2530.csv,8243
decimal570.csv,11979
decimal2524.csv,46415
decimal564.csv,72176
decimal1993.csv,233
decimal202.csv,120825
decimal2242.csv,24936
decimal1763.csv,3818
decimal3174.csv,14178
decimal1005.csv,6203
decimal1011.csv,19466
decimal2518.csv,3457
decimal558.csv,3960
decimal3160.csv,59446
decimal1777.csv,19479
decimal1944.csv,183481
decimal2295.csv,19186
decimal2281.csv,10333
decimal1950.csv,25066
decimal1788.csv,79321
decimal1978.csv,52309
decimal772.csv,24130
decimal2732.csv,63316
decimal2054.csv,8310
decimal2040.csv,78882
decimal1549.csv,96278
decimal3438.csv,12770
decimal766.csv,6221
decimal2726.csv,36084
decimal1207.csv,76782
decimal3410.csv,4990
decimal996.csv,516
decimal2068.csv,23447
decimal3376.csv,57408
decimal1561.csv,6421
decimal1575.csv,90324
decimal3362.csv,52998
decimal3404.csv,8485
decimal982.csv,2539
decimal1213.csv,11496
decimal969.csv,2008
decimal2929.csv,547
decimal3389.csv,38549
decimal2097.csv,86967
decimal2083.csv,12773
decimal955.csv,9799
decimal2915.csv,22868
decimal799.csv,6983
decimal941.csv,23433
decimal2901.csv,14249
decimal2900.csv,1613
decimal940.csv,26132
decimal798.csv,9531
decimal2914.csv,200999
decimal954.csv,70928
decimal2082.csv,25701
decimal2928.csv,52732
decimal968.csv,55548
decimal2096.csv,12543
decimal3388.csv,66777
decimal3363.csv,4381
decimal1574.csv,901
decimal1212.csv,697
decimal983.csv,5924
decimal3405.csv,7330
decimal997.csv,697
decimal3411.csv,1592
decimal1206.csv,43469
decimal1560.csv,55890
decimal3377.csv,59476
decimal2069.csv,20515
decimal1548.csv,110560
decimal2041.csv,82552
decimal2727.csv,141145
decimal767.csv,9134
decimal3439.csv,5216
decimal2733.csv,8065
decimal773.csv,12455
decimal2055.csv,59327
decimal1979.csv,41575
decimal1789.csv,8240
decimal1951.csv,1002
decimal2280.csv,22968
decimal2294.csv,451
decimal1945.csv,15138
decimal559.csv,52659
decimal2519.csv,30551
decimal1010.csv,21719
decimal1776.csv,4468
decimal3161.csv,5930
decimal3175.csv,5789
decimal1762.csv,17033
decimal1004.csv,10686
decimal565.csv,93533
decimal2525.csv,14648
decimal2243.csv,6234
decimal203.csv,3888
decimal1992.csv,7232
decimal1986.csv,42247
decimal2257.csv,116954
decimal217.csv,11101
decimal3149.csv,7418
decimal571.csv,43674
decimal2531.csv,19904
decimal1038.csv,48965
decimal388.csv,2456
decimal27.csv,15231
decimal1819.csv,180449
decimal33.csv,59210
decimal2492.csv,3668
decimal1825.csv,10402
decimal1831.csv,3903
decimal2486.csv,12803
decimal1164.csv,127970
decimal1602.csv,8275
decimal3015.csv,35599
decimal3001.csv,131258
decimal1616.csv,5440
decimal1170.csv,3875
decimal2479.csv,8335
decimal439.csv,3626
decimal1158.csv,9685
decimal2451.csv,51372
decimal411.csv,9565
decimal3029.csv,7771
decimal377.csv,3545
decimal2337.csv,7551
decimal363.csv,140735
decimal2323.csv,51880
decimal2445.csv,4593
decimal405.csv,2067
decimal834.csv,72265
decimal2874.csv,6099
decimal820.csv,15631
decimal2860.csv,9786
decimal1399.csv,165676
decimal2690.csv,165048
decimal808.csv,9118
decimal2848.csv,31279
decimal2684.csv,10965
decimal2109.csv,11388
decimal149.csv,117374
decimal3217.csv,6933
decimal1400.csv,157628
decimal1366.csv,8818
decimal3571.csv,124406
decimal3565.csv,669
decimal1372.csv,6979
decimal1414.csv,9558
decimal3203.csv,7117
decimal2135.csv,107037
decimal175.csv,19896
decimal613.csv,9361
decimal2653.csv,155733
decimal3559.csv,13187
decimal607.csv,20817
decimal2647.csv,64378
decimal2121.csv,4000
decimal161.csv,4637
decimal1428.csv,39056
decimal1431.csv,49067
decimal3226.csv,5055
decimal2138.csv,10862
decimal178.csv,60432
decimal3540.csv,21769
decimal2886.csv,88342
decimal1357.csv,5611
decimal1343.csv,65014
decimal3554.csv,9976
decimal2892.csv,102316
decimal3232.csv,9697
decimal1425.csv,6584
decimal2104.csv,260
decimal144.csv,54301
decimal622.csv,56444
decimal2662.csv,11268
decimal636.csv,23738
decimal2676.csv,9835
decimal3568.csv,9085
decimal1419.csv,4602
decimal2110.csv,44364
decimal150.csv,6687
decimal1394.csv,3287
decimal805.csv,4279
decimal2845.csv,2607
decimal811.csv,2817
decimal2851.csv,6062
decimal2689.csv,27837
decimal1380.csv,10222
decimal187.csv,12993
decimal839.csv,13209
decimal2879.csv,10862
decimal193.csv,7190
decimal1155.csv,33108
decimal3024.csv,9535
decimal1633.csv,10774
decimal1627.csv,7630
decimal3030.csv,75512
decimal2448.csv,12354
decimal408.csv,5379
decimal1141.csv,10021
decimal2460.csv,8325
decimal420.csv,1892
decimal1169.csv,790
decimal346.csv,4256
decimal2306.csv,19053
decimal3018.csv,37571
decimal352.csv,8955
decimal2312.csv,2784
decimal2474.csv,79073
decimal434.csv,1199
decimal1196.csv,34031
decimal1828.csv,10628
decimal16.csv,18575
decimal1182.csv,33662
decimal385.csv,15629
decimal1814.csv,3285
decimal1800.csv,79691
decimal391.csv,53167
decimal1021.csv,7297
decimal568.csv,212513
decimal2528.csv,6026
decimal3150.csv,4923
decimal1747.csv,8861
decimal1753.csv,49402
decimal3144.csv,74815
decimal1035.csv,13719
decimal554.csv,16756
decimal2514.csv,3384
decimal2272.csv,2712
decimal232.csv,13128
decimal3178.csv,133937
decimal2266.csv,5015
decimal226.csv,11546
decimal1009.csv,8359
decimal540.csv,119981
decimal2500.csv,10263
decimal1784.csv,14539
decimal3193.csv,6528
decimal2299.csv,17321
decimal3187.csv,76147
decimal1948.csv,1345
decimal1790.csv,11542
decimal597.csv,7769
decimal1960.csv,114999
decimal1974.csv,6090
decimal583.csv,47815
decimal1545.csv,2223
decimal3352.csv,8973
decimal3434.csv,5259
decimal1223.csv,114026
decimal1237.csv,27616
decimal3420.csv,75664
decimal2058.csv,4603
decimal3346.csv,10656
decimal1551.csv,4891
decimal2070.csv,29688
decimal1579.csv,60752
decimal3408.csv,3661
decimal2716.csv,6734
decimal756.csv,5496
decimal2702.csv,9836
decimal742.csv,9851
decimal2064.csv,74103
decimal3391.csv,10166
decimal1586.csv,3158
decimal2931.csv,3098
decimal971.csv,9228
decimal2925.csv,13139
decimal965.csv,3038
decimal1592.csv,4477
decimal3385.csv,4501
decimal795.csv,5417
decimal781.csv,4372
decimal2919.csv,5045
decimal959.csv,9750
decimal958.csv,31440
decimal2918.csv,1364
decimal780.csv,4943
decimal794.csv,10286
decimal964.csv,6012
decimal2924.csv,2674
decimal3384.csv,21737
decimal1593.csv,38693
decimal1587.csv,3161
decimal3390.csv,12110
decimal970.csv,24099
decimal2930.csv,842
decimal743.csv,23836
decimal2703.csv,74847
decimal2065.csv,23158
decimal1578.csv,52287
decimal2071.csv,65565
decimal757.csv,13721
decimal2717.csv,48918
decimal3409.csv,73934
decimal3421.csv,119599
decimal1236.csv,17241
decimal1550.csv,24721
decimal3347.csv,23806
decimal2059.csv,14810
decimal3353.csv,5362
decimal1544.csv,106195
decimal1222.csv,6430
decimal3435.csv,12676
decimal1975.csv,130074
decimal582.csv,115413
decimal596.csv,3795
decimal1961.csv,15442
decimal1791.csv,5852
decimal1949.csv,145459
decimal3186.csv,13991
decimal2298.csv,23370
decimal3192.csv,7318
decimal1785.csv,2755
decimal227.csv,27163
decimal2267.csv,11937
decimal3179.csv,6430
decimal2501.csv,35717
decimal541.csv,16251
decimal1008.csv,8768
decimal2515.csv,820
decimal555.csv,563
decimal233.csv,33847
decimal2273.csv,195972
decimal3145.csv,39813
decimal1752.csv,4230
decimal1034.csv,5511
decimal2529.csv,24601
decimal569.csv,5593
decimal1020.csv,5135
decimal1746.csv,15772
decimal3151.csv,3222
decimal390.csv,1070
decimal1801.csv,22625
decimal1815.csv,2990
decimal384.csv,6508
decimal1183.csv,26651
decimal1197.csv,10637
decimal17.csv,16146
decimal1829.csv,36403
decimal2313.csv,27408
decimal353.csv,47972
decimal435.csv,29794
decimal2475.csv,128903
decimal1168.csv,23885
decimal421.csv,35980
decimal2461.csv,5977
decimal3019.csv,139152
decimal2307.csv,11579
decimal347.csv,7493
decimal3031.csv,66555
decimal1626.csv,16914
decimal1140.csv,4394
decimal409.csv,71535
decimal2449.csv,53919
decimal1154.csv,36755
decimal1632.csv,168785
decimal3025.csv,6002
decimal192.csv,16541
decimal186.csv,23640
decimal2878.csv,3521
decimal838.csv,11796
decimal1381.csv,74648
decimal2688.csv,7940
decimal2850.csv,10244
decimal810.csv,10335
decimal2844.csv,11054
decimal804.csv,58060
decimal1395.csv,10436
decimal3569.csv,24249
decimal2677.csv,14781
decimal637.csv,4460
decimal151.csv,1245
decimal2111.csv,3537
decimal1418.csv,25326
decimal145.csv,3585
decimal2105.csv,29563
decimal2663.csv,9261
decimal623.csv,23438
decimal2893.csv,70366
decimal3555.csv,39842
decimal1342.csv,153206
decimal1424.csv,17182
decimal3233.csv,10854
decimal179.csv,42853
decimal2139.csv,30959
decimal3227.csv,24291
decimal1430.csv,32659
decimal1356.csv,19838
decimal2887.csv,5166
decimal3541.csv,7366
decimal3231.csv,79241
decimal1426.csv,39029
decimal1340.csv,7620
decimal609.csv,26381
decimal2649.csv,6252
decimal3557.csv,9459
decimal2891.csv,4084
decimal3543.csv,74147
decimal2885.csv,4981
decimal1354.csv,7928
decimal1432.csv,41807
decimal3225.csv,57210
decimal2113.csv,5463
decimal153.csv,174670
decimal635.csv,20550
decimal2675.csv,78783
decimal1368.csv,10669
decimal621.csv,32975
decimal2661.csv,49638
decimal3219.csv,25908
decimal2107.csv,7002
decimal147.csv,9206
decimal812.csv,19941
decimal2852.csv,35716
decimal1383.csv,161441
decimal1397.csv,86286
decimal806.csv,17438
decimal2846.csv,12784
decimal190.csv,12749
decimal184.csv,37738
decimal1142.csv,20313
decimal1624.csv,9008
decimal3033.csv,14497
decimal379.csv,6966
decimal2339.csv,27701
decimal3027.csv,11481
decimal1630.csv,64884
decimal1156.csv,9849
decimal2477.csv,6618
decimal437.csv,13185
decimal351.csv,17611
decimal2311.csv,37987
decimal1618.csv,41990
decimal345.csv,20785
decimal2305.csv,15805
decimal2463.csv,24184
decimal423.csv,163042
decimal1181.csv,24569
decimal2488.csv,7583
decimal15.csv,6085
decimal1195.csv,9006
decimal1803.csv,477
decimal392.csv,1070
decimal386.csv,9225
decimal1817.csv,18949
decimal29.csv,14512
decimal1036.csv,5612
decimal1750.csv,3490
decimal1988.csv,197615
decimal3147.csv,49922
decimal2259.csv,199291
decimal219.csv,7710
decimal3153.csv,3726
decimal1744.csv,11103
decimal1022.csv,31142
decimal543.csv,31149
decimal2503.csv,25933
decimal2265.csv,458
decimal225.csv,13847
decimal1778.csv,12727
decimal2271.csv,82376
decimal231.csv,41449
decimal557.csv,29817
decimal2517.csv,5217
decimal3184.csv,7837
decimal1793.csv,1277
decimal1787.csv,646
decimal3190.csv,42173
decimal580.csv,62764
decimal1977.csv,36688
decimal1963.csv,5195
decimal594.csv,8706
decimal3345.csv,6559
decimal1552.csv,80576
decimal1234.csv,16276
decimal3423.csv,24237
decimal3437.csv,13929
decimal2729.csv,8405
decimal769.csv,140382
decimal1220.csv,3378
decimal1546.csv,22397
decimal3351.csv,1199
decimal2067.csv,62979
decimal3379.csv,75397
decimal999.csv,62052
decimal2701.csv,180688
decimal741.csv,8241
decimal1208.csv,428
decimal2715.csv,13900
decimal755.csv,17807
decimal2073.csv,3129
decimal1591.csv,10593
decimal3386.csv,20282
decimal2098.csv,9648
decimal2926.csv,111271
decimal966.csv,4808
decimal2932.csv,8835
decimal972.csv,3201
decimal3392.csv,9763
decimal1585.csv,16685
decimal782.csv,129297
decimal796.csv,2658
decimal797.csv,81645
decimal783.csv,4849
decimal973.csv,6471
decimal2933.csv,8241
decimal1584.csv,62355
decimal3393.csv,8152
decimal2099.csv,13351
decimal3387.csv,10927
decimal1590.csv,6972
decimal967.csv,24528
decimal2927.csv,7578
decimal754.csv,4059
decimal2714.csv,18402
decimal2072.csv,43550
decimal3378.csv,10141
decimal2066.csv,1277
decimal1209.csv,2695
decimal740.csv,6053
decimal2700.csv,204
decimal998.csv,6754
decimal1221.csv,7191
decimal768.csv,11378
decimal2728.csv,187420
decimal3436.csv,109252
decimal3350.csv,74034
decimal1547.csv,185562
decimal1553.csv,51445
decimal3344.csv,1033
decimal3422.csv,22445
decimal1235.csv,142222
decimal1962.csv,6646
decimal595.csv,87171
decimal581.csv,842
decimal1976.csv,65886
decimal3191.csv,215792
decimal1786.csv,56901
decimal1792.csv,18282
decimal3185.csv,19559
decimal230.csv,6867
decimal2270.csv,4750
decimal1779.csv,1599
decimal2516.csv,18615
decimal556.csv,18401
decimal2502.csv,2893
decimal542.csv,2952
decimal224.csv,10134
decimal2264.csv,5272
decimal1745.csv,16451
decimal3152.csv,16103
decimal1023.csv,1271
decimal1037.csv,27630
decimal218.csv,661
decimal2258.csv,54617
decimal3146.csv,202491
decimal1989.csv,24244
decimal1751.csv,16487
decimal28.csv,7822
decimal1816.csv,5408
decimal387.csv,4112
decimal393.csv,13348
decimal1802.csv,11024
decimal14.csv,48883
decimal1194.csv,596
decimal2489.csv,7874
decimal1180.csv,5698
decimal2304.csv,25556
decimal344.csv,214
decimal422.csv,15224
decimal2462.csv,43419
decimal436.csv,14884
decimal2476.csv,78353
decimal1619.csv,8623
decimal2310.csv,4224
decimal350.csv,12820
decimal1631.csv,7668
decimal3026.csv,18318
decimal2338.csv,73992
decimal378.csv,6997
decimal1157.csv,836
decimal1143.csv,12717
decimal3032.csv,241265
decimal1625.csv,16891
decimal185.csv,27570
decimal191.csv,9436
decimal2847.csv,11316
decimal807.csv,6095
decimal1396.csv,3438
decimal1382.csv,16617
decimal2853.csv,27552
decimal813.csv,21417
decimal2660.csv,1437
decimal620.csv,14271
decimal1369.csv,5430
decimal146.csv,7208
decimal2106.csv,27807
decimal3218.csv,28540
decimal152.csv,12195
decimal2112.csv,18005
decimal2674.csv,52041
decimal634.csv,5462
decimal1355.csv,19574
decimal2884.csv,10325
decimal3542.csv,16939
decimal3224.csv,11701
decimal1433.csv,1973
decimal1427.csv,22135
decimal3230.csv,68534
decimal2890.csv,85139
decimal3556.csv,7589
decimal2648.csv,5533
decimal608.csv,28232
decimal1341.csv,90354
decimal2670.csv,3477
decimal630.csv,22998
decimal1379.csv,3279
decimal3208.csv,34417
decimal156.csv,94997
decimal2116.csv,4788
decimal142.csv,3697
decimal2102.csv,24768
decimal2664.csv,6554
decimal624.csv,10920
decimal1345.csv,8803
decimal2894.csv,3229
decimal3552.csv,70601
decimal3234.csv,85887
decimal1423.csv,4100
decimal1437.csv,23855
decimal3220.csv,16242
decimal2658.csv,5260
decimal618.csv,10179
decimal2880.csv,5644
decimal3546.csv,14182
decimal1351.csv,6955
decimal195.csv,52
decimal181.csv,116036
decimal2857.csv,37033
decimal817.csv,6462
decimal1386.csv,1737
decimal1392.csv,4667
decimal2843.csv,3021
decimal803.csv,167536
decimal2314.csv,68275
decimal354.csv,18276
decimal432.csv,6132
decimal2472.csv,41467
decimal426.csv,10596
decimal2466.csv,137790
decimal1609.csv,140145
decimal2300.csv,12680
decimal340.csv,78932
decimal1621.csv,11028
decimal2328.csv,26030
decimal368.csv,24404
decimal3036.csv,6575
decimal1147.csv,12125
decimal1153.csv,7255
decimal3022.csv,7961
decimal1635.csv,52929
decimal1806.csv,167460
decimal38.csv,4585
decimal397.csv,77504
decimal383.csv,4538
decimal1812.csv,113842
decimal1184.csv,12024
decimal2499.csv,8872
decimal1190.csv,19183
decimal10.csv,22555
decimal220.csv,2594
decimal2260.csv,2782
decimal1769.csv,12941
decimal2506.csv,93850
decimal546.csv,48585
decimal2512.csv,18337
decimal552.csv,78516
decimal234.csv,23612
decimal2274.csv,7500
decimal1755.csv,80738
decimal3142.csv,171544
decimal1033.csv,3192
decimal1027.csv,7218
decimal3156.csv,157409
decimal208.csv,13291
decimal2248.csv,4603
decimal1741.csv,8856
decimal1999.csv,3842
decimal1972.csv,18177
decimal585.csv,6225
decimal591.csv,4771
decimal1966.csv,2377
decimal3181.csv,27699
decimal1796.csv,7799
decimal1782.csv,28348
decimal3195.csv,4836
decimal744.csv,54155
decimal2704.csv,3624
decimal2062.csv,3040
decimal2076.csv,37697
decimal3368.csv,401
decimal1219.csv,19986
decimal988.csv,30850
decimal750.csv,69327
decimal2710.csv,139293
decimal1231.csv,62948
decimal3426.csv,185814
decimal778.csv,4503
decimal2738.csv,9684
decimal3340.csv,4693
decimal1557.csv,6749
decimal1543.csv,15591
decimal3354.csv,33465
decimal3432.csv,118180
decimal1225.csv,2778
decimal787.csv,8205
decimal793.csv,17288
decimal963.csv,72255
decimal2923.csv,38785
decimal1594.csv,32081
decimal3383.csv,77624
decimal3397.csv,64797
decimal2089.csv,3601
decimal1580.csv,10807
decimal977.csv,63001
decimal2937.csv,54444
decimal1581.csv,3348
decimal2088.csv,19184
decimal3396.csv,1608
decimal2936.csv,820
decimal976.csv,13895
decimal2922.csv,67758
decimal962.csv,54846
decimal3382.csv,21015
decimal1595.csv,23539
decimal792.csv,40292
decimal786.csv,55082
decimal3355.csv,9098
decimal1542.csv,24864
decimal1224.csv,11888
decimal3433.csv,2462
decimal2739.csv,8095
decimal779.csv,12803
decimal3427.csv,55580
decimal1230.csv,182296
decimal1556.csv,45786
decimal3341.csv,42906
decimal3369.csv,7106
decimal2077.csv,7809
decimal2711.csv,1345
decimal751.csv,5499
decimal989.csv,5824
decimal1218.csv,5402
decimal2705.csv,12754
decimal745.csv,9674
decimal2063.csv,2988
decimal3194.csv,9743
decimal1783.csv,212536
decimal1797.csv,66840
decimal3180.csv,14520
decimal590.csv,26897
decimal1967.csv,30915
decimal1973.csv,113970
decimal584.csv,10488
decimal1026.csv,6658
decimal1998.csv,12647
decimal1740.csv,12077
decimal2249.csv,2522
decimal209.csv,28580
decimal3157.csv,8245
decimal3143.csv,8985
decimal1754.csv,44273
decimal1032.csv,5490
decimal553.csv,11127
decimal2513.csv,52
decimal2275.csv,22432
decimal235.csv,182495
decimal1768.csv,31291
decimal2261.csv,11332
decimal221.csv,171919
decimal547.csv,15299
decimal2507.csv,32122
decimal1191.csv,4296
decimal2498.csv,5785
decimal11.csv,122325
decimal1185.csv,3310
decimal1813.csv,8526
decimal382.csv,4656
decimal396.csv,76654
decimal39.csv,7841
decimal1807.csv,5427
decimal1152.csv,2636
decimal1634.csv,4043
decimal3023.csv,13981
decimal3037.csv,23872
decimal369.csv,42241
decimal2329.csv,4207
decimal1620.csv,4291
decimal1146.csv,34629
decimal2467.csv,181326
decimal427.csv,6034
decimal341.csv,323
decimal2301.csv,11308
decimal1608.csv,178322
decimal355.csv,11023
decimal2315.csv,41217
decimal2473.csv,87902
decimal433.csv,7331
decimal802.csv,25012
decimal2842.csv,6642
decimal1393.csv,124337
decimal1387.csv,125086
decimal816.csv,72876
decimal2856.csv,5784
decimal180.csv,84726
decimal194.csv,170650
decimal3221.csv,54633
decimal1436.csv,3033
decimal1350.csv,34852
decimal3547.csv,174881
decimal2881.csv,7604
decimal619.csv,59762
decimal2659.csv,35630
decimal3553.csv,326
decimal2895.csv,12502
decimal1344.csv,51737
decimal1422.csv,21313
decimal3235.csv,24730
decimal2103.csv,6383
decimal143.csv,4637
decimal625.csv,89935
decimal2665.csv,7377
decimal1378.csv,10151
decimal631.csv,5806
decimal2671.csv,160495
decimal2117.csv,13342
decimal157.csv,25911
decimal3209.csv,110890
decimal2667.csv,38945
decimal627.csv,2631
decimal141.csv,83532
decimal2101.csv,13855
decimal1408.csv,20236
decimal155.csv,17574
decimal2115.csv,4663
decimal2673.csv,4937
decimal633.csv,29702
decimal2883.csv,31781
decimal3545.csv,3040
decimal1352.csv,23122
decimal1434.csv,25805
decimal3223.csv,10153
decimal3237.csv,516
decimal169.csv,15386
decimal2129.csv,2463
decimal1420.csv,44931
decimal1346.csv,17546
decimal2897.csv,5055
decimal3551.csv,3668
decimal182.csv,27338
decimal196.csv,8508
decimal2868.csv,18093
decimal828.csv,27407
decimal1391.csv,938
decimal2840.csv,4578
decimal800.csv,18687
decimal2698.csv,18363
decimal2854.csv,41459
decimal814.csv,197607
decimal1385.csv,97563
decimal2303.csv,121026
decimal343.csv,6859
decimal425.csv,6030
decimal2465.csv,12858
decimal1178.csv,21218
decimal431.csv,102282
decimal2471.csv,17721
decimal2317.csv,11743
decimal357.csv,2816
decimal3009.csv,5055
decimal3021.csv,28614
decimal1636.csv,13485
decimal1150.csv,11007
decimal419.csv,6308
decimal2459.csv,11838
decimal1144.csv,5765
decimal1622.csv,14582
decimal3035.csv,5206
decimal380.csv,18056
decimal1811.csv,6705
decimal1805.csv,77901
decimal394.csv,6460
decimal13.csv,93306
decimal1193.csv,23739
decimal1187.csv,5608
decimal1839.csv,63078
decimal3169.csv,6317
decimal237.csv,184154
decimal2277.csv,3785
decimal2511.csv,6592
decimal551.csv,42688
decimal1018.csv,25063
decimal2505.csv,74456
decimal545.csv,15267
decimal223.csv,42535
decimal2263.csv,17033
decimal3155.csv,31911
decimal1742.csv,2135
decimal1024.csv,20535
decimal2539.csv,7521
decimal579.csv,17378
decimal1030.csv,4468
decimal1756.csv,154788
decimal3141.csv,147653
decimal1965.csv,86789
decimal592.csv,11269
decimal586.csv,26252
decimal1971.csv,22152
decimal8.csv,10979
decimal1959.csv,22134
decimal1781.csv,93757
decimal2288.csv,11253
decimal3196.csv,17137
decimal3182.csv,17618
decimal1795.csv,1443
decimal753.csv,31408
decimal2713.csv,11880
decimal2075.csv,7210
decimal1568.csv,7914
decimal2061.csv,87599
decimal3419.csv,2658
decimal747.csv,26671
decimal2707.csv,22258
decimal3431.csv,3862
decimal1226.csv,925
decimal1540.csv,23143
decimal2049.csv,18218
decimal3357.csv,41883
decimal3343.csv,5013
decimal1554.csv,7991
decimal1232.csv,22611
decimal3425.csv,41672
decimal790.csv,66391
decimal948.csv,5933
decimal2908.csv,4719
decimal784.csv,408
decimal974.csv,11254
decimal2934.csv,15630
decimal3394.csv,36688
decimal1583.csv,110461
decimal1597.csv,180366
decimal3380.csv,923
decimal960.csv,7277
decimal2920.csv,1892
decimal3381.csv,117648
decimal1596.csv,13392
decimal2921.csv,23128
decimal961.csv,11436
decimal2935.csv,5109
decimal975.csv,153490
decimal1582.csv,2755
decimal3395.csv,49446
decimal785.csv,2676
decimal2909.csv,85120
decimal949.csv,6907
decimal791.csv,5895
decimal1555.csv,7605
decimal3342.csv,3193
decimal3424.csv,6566
decimal1233.csv,29942
decimal1227.csv,4715
decimal3430.csv,41393
decimal3356.csv,79027
decimal2048.csv,61118
decimal1541.csv,62304
decimal2060.csv,5529
decimal1569.csv,6145
decimal2706.csv,30043
decimal746.csv,22537
decimal3418.csv,72482
decimal2712.csv,22866
decimal752.csv,7107
decimal2074.csv,9137
decimal1794.csv,8282
decimal3183.csv,59213
decimal3197.csv,1447
decimal2289.csv,5752
decimal1780.csv,3201
decimal1958.csv,8656
decimal587.csv,69715
decimal9.csv,13155
decimal1970.csv,28806
decimal1964.csv,62824
decimal593.csv,42996
decimal1031.csv,44816
decimal578.csv,7053
decimal2538.csv,110889
decimal3140.csv,4232
decimal1757.csv,14620
decimal1743.csv,3770
decimal3154.csv,51562
decimal1025.csv,34903
decimal544.csv,81579
decimal2504.csv,23640
decimal2262.csv,65803
decimal222.csv,14395
decimal2276.csv,4975
decimal236.csv,9453
decimal3168.csv,3002
decimal1019.csv,5764
decimal550.csv,6053
decimal2510.csv,19447
decimal1186.csv,56064
decimal1838.csv,41718
decimal12.csv,1884
decimal1192.csv,12463
decimal395.csv,8518
decimal1804.csv,16069
decimal1810.csv,3222
decimal381.csv,5617
decimal1145.csv,138920
decimal3034.csv,94766
decimal1623.csv,11734
decimal1637.csv,33477
decimal3020.csv,26472
decimal2458.csv,86130
decimal418.csv,85299
decimal1151.csv,2229
decimal2470.csv,22465
decimal430.csv,4363
decimal1179.csv,10773
decimal3008.csv,30873
decimal356.csv,12807
decimal2316.csv,9611
decimal342.csv,13868
decimal2302.csv,31468
decimal2464.csv,4106
decimal424.csv,426
decimal1384.csv,54184
decimal815.csv,1387
decimal2855.csv,46498
decimal2699.csv,57764
decimal801.csv,13817
decimal2841.csv,3171
decimal1390.csv,185181
decimal197.csv,907
decimal829.csv,5184
decimal2869.csv,3959
decimal183.csv,64215
decimal1421.csv,9330
decimal2128.csv,8863
decimal168.csv,4719
decimal3236.csv,5353
decimal3550.csv,39422
decimal2896.csv,11723
decimal1347.csv,47972
decimal1353.csv,11640
decimal3544.csv,5923
decimal2882.csv,49507
decimal3222.csv,40396
decimal1435.csv,7107
decimal2114.csv,1292
decimal154.csv,12405
decimal632.csv,25413
decimal2672.csv,22442
decimal626.csv,55046
decimal2666.csv,74859
decimal1409.csv,58727
decimal2100.csv,110842
decimal140.csv,16735
decimal1334.csv,35181
decimal3523.csv,10244
decimal3245.csv,25846
decimal1452.csv,11513
decimal1446.csv,6943
decimal3251.csv,190290
decimal669.csv,18196
decimal2629.csv,9869
decimal3537.csv,10111
decimal1320.csv,326
decimal641.csv,84595
decimal2601.csv,14888
decimal899.csv,4198
decimal1308.csv,40081
decimal3279.csv,91706
decimal2167.csv,8648
decimal127.csv,16317
decimal2173.csv,17137
decimal133.csv,22638
decimal655.csv,69197
decimal2615.csv,27079
decimal866.csv,12678
decimal2826.csv,123595
decimal1491.csv,32038
decimal2198.csv,72863
decimal3286.csv,74842
decimal3292.csv,200847
decimal1485.csv,6365
decimal872.csv,14917
decimal2832.csv,18246
decimal682.csv,35996
decimal696.csv,8299
decimal1888.csv,7882
decimal1650.csv,17049
decimal319.csv,7441
decimal2359.csv,84418
decimal3047.csv,7523
decimal1136.csv,31989
decimal1122.csv,22383
decimal3053.csv,75233
decimal1644.csv,33712
decimal325.csv,20036
decimal2365.csv,85733
decimal2403.csv,2848
decimal443.csv,94957
decimal2417.csv,13181
decimal457.csv,164323
decimal1678.csv,5293
decimal331.csv,31008
decimal2371.csv,8121
decimal3084.csv,19964
decimal1693.csv,15075
decimal75.csv,104181
decimal1687.csv,10693
decimal61.csv,41085
decimal3090.csv,147390
decimal1877.csv,10722
decimal49.csv,51226
decimal480.csv,19989
decimal494.csv,83717
decimal1863.csv,55673
decimal1724.csv,5058
decimal3133.csv,3573
decimal1042.csv,10976
decimal1056.csv,15651
decimal3127.csv,5137
decimal2239.csv,4153
decimal279.csv,48737
decimal1730.csv,36841
decimal2211.csv,5881
decimal251.csv,92652
decimal1718.csv,20695
decimal537.csv,4486
decimal2577.csv,5347
decimal523.csv,7697
decimal2563.csv,15327
decimal2205.csv,3477
decimal245.csv,33477
decimal1081.csv,4789
decimal2588.csv,3100
decimal1095.csv,3713
decimal1903.csv,28635
decimal292.csv,12387
decimal286.csv,44054
decimal1917.csv,100917
decimal1240.csv,563
decimal2991.csv,3955
decimal3457.csv,4633
decimal2749.csv,6091
decimal709.csv,28173
decimal3331.csv,40272
decimal1526.csv,23600
decimal1532.csv,25814
decimal3325.csv,31829
decimal2985.csv,23815
decimal3443.csv,8325
decimal1254.csv,16940
decimal2775.csv,23426
decimal735.csv,26387
decimal2013.csv,4923
decimal2007.csv,4726
decimal3319.csv,18153
decimal1268.csv,38976
decimal2761.csv,17281
decimal721.csv,33648
decimal2952.csv,13129
decimal912.csv,20005
decimal3494.csv,2964
decimal1283.csv,52647
decimal1297.csv,206744
decimal2946.csv,2597
decimal906.csv,13399
decimal3480.csv,14595
decimal3481.csv,232377
decimal907.csv,3192
decimal2947.csv,9752
decimal1296.csv,173662
decimal1282.csv,38489
decimal3495.csv,104118
decimal913.csv,1682
decimal2953.csv,40033
decimal3318.csv,8083
decimal2006.csv,7560
decimal720.csv,9595
decimal2760.csv,1734
decimal1269.csv,4468
decimal734.csv,3949
decimal2774.csv,63146
decimal2012.csv,43600
decimal3324.csv,107420
decimal1533.csv,8090
decimal1255.csv,2763
decimal3442.csv,12405
decimal2984.csv,4353
decimal708.csv,3486
decimal2748.csv,18829
decimal3456.csv,24700
decimal2990.csv,825
decimal1241.csv,14757
decimal1527.csv,813
decimal3330.csv,128629
decimal1916.csv,3584
decimal287.csv,128526
decimal293.csv,41907
decimal1902.csv,6162
decimal1094.csv,45039
decimal2589.csv,2993
decimal1080.csv,468
decimal2562.csv,37710
decimal522.csv,11111
decimal244.csv,35220
decimal2204.csv,19550
decimal1719.csv,6667
decimal250.csv,62914
decimal2210.csv,625
decimal2576.csv,720
decimal536.csv,1716
decimal1057.csv,43172
decimal1731.csv,6347
decimal278.csv,7131
decimal2238.csv,13032
decimal3126.csv,15826
decimal3132.csv,15973
decimal1725.csv,22752
decimal1043.csv,70543
decimal495.csv,41279
decimal1862.csv,9968
decimal48.csv,25841
decimal1876.csv,7327
decimal481.csv,4741
decimal3091.csv,29918
decimal60.csv,44176
decimal1686.csv,3614
decimal74.csv,15588
decimal1692.csv,18886
decimal3085.csv,2459
decimal456.csv,15605
decimal2416.csv,4599
decimal2370.csv,1269
decimal330.csv,91380
decimal1679.csv,5902
decimal2364.csv,30325
decimal324.csv,7330
decimal442.csv,6595
decimal2402.csv,18130
decimal1123.csv,29096
decimal1645.csv,14508
decimal3052.csv,26284
decimal3046.csv,35262
decimal2358.csv,45921
decimal318.csv,35312
decimal1651.csv,44477
decimal1889.csv,186
decimal1137.csv,35588
decimal697.csv,20776
decimal683.csv,13155
decimal1484.csv,5379
decimal3293.csv,4092
decimal2833.csv,15128
decimal873.csv,1701
decimal2827.csv,103782
decimal867.csv,4756
decimal3287.csv,49676
decimal2199.csv,45629
decimal1490.csv,5867
decimal132.csv,1355
decimal2172.csv,888
decimal2614.csv,13382
decimal654.csv,11772
decimal1309.csv,72539
decimal898.csv,6556
decimal2600.csv,1737
decimal640.csv,45174
decimal126.csv,9824
decimal2166.csv,8608
decimal3278.csv,10193
decimal3250.csv,5120
decimal1447.csv,13409
decimal1321.csv,25525
decimal3536.csv,2711
decimal2628.csv,11411
decimal668.csv,1566
decimal3522.csv,2354
decimal1335.csv,6449
decimal1453.csv,8112
decimal3244.csv,3823
decimal3534.csv,3040
decimal1323.csv,141954
decimal1445.csv,152352
decimal3252.csv,13011
decimal3246.csv,6218
decimal2158.csv,1720
decimal118.csv,3691
decimal1451.csv,7592
decimal1337.csv,13259
decimal3520.csv,22702
decimal656.csv,11879
decimal2616.csv,86684
decimal3508.csv,646
decimal2170.csv,177892
decimal130.csv,5541
decimal1479.csv,5604
decimal2164.csv,8477
decimal124.csv,33539
decimal642.csv,978
decimal2602.csv,18561
decimal871.csv,9571
decimal2831.csv,8289
decimal3291.csv,11362
decimal1486.csv,7891
decimal1492.csv,17634
decimal3285.csv,14564
decimal865.csv,4752
decimal2825.csv,10951
decimal695.csv,10726
decimal859.csv,14122
decimal2819.csv,32178
decimal681.csv,12056
decimal3050.csv,10403
decimal1647.csv,9829
decimal1121.csv,7691
decimal2428.csv,3709
decimal468.csv,11451
decimal1135.csv,87379
decimal1653.csv,55922
decimal3044.csv,83535
decimal332.csv,67969
decimal2372.csv,72949
decimal2414.csv,19893
decimal454.csv,116006
decimal1109.csv,21666
decimal2400.csv,2355
decimal440.csv,87310
decimal326.csv,10977
decimal2366.csv,143650
decimal3078.csv,95581
decimal89.csv,19776
decimal1684.csv,13952
decimal62.csv,3149
decimal3093.csv,164572
decimal3087.csv,22984
decimal2399.csv,16983
decimal1690.csv,4652
decimal1848.csv,26524
decimal76.csv,59143
decimal1860.csv,60438
decimal497.csv,3629
decimal483.csv,938
decimal1874.csv,3400
decimal3124.csv,72324
decimal1733.csv,2876
decimal1055.csv,128220
decimal508.csv,9673
decimal2548.csv,12548
decimal1041.csv,5958
decimal1727.csv,51947
decimal3130.csv,84276
decimal3118.csv,4858
decimal2206.csv,25962
decimal246.csv,85081
decimal520.csv,2249
decimal2560.csv,12351
decimal1069.csv,188093
decimal534.csv,153694
decimal2574.csv,6859
decimal2212.csv,79366
decimal252.csv,10964
decimal1928.csv,32385
decimal1096.csv,17137
decimal1082.csv,24190
decimal285.csv,16105
decimal1914.csv,2317
decimal1900.csv,1639
decimal291.csv,34824
decimal2986.csv,7467
decimal3440.csv,44806
decimal1257.csv,29599
decimal1531.csv,51641
decimal2038.csv,1263
decimal3326.csv,1077
decimal3332.csv,31176
decimal1525.csv,7072
decimal1243.csv,4863
decimal2992.csv,22366
decimal3454.csv,11548
decimal2762.csv,12675
decimal722.csv,17265
decimal2004.csv,8140
decimal1519.csv,122793
decimal2010.csv,8990
decimal3468.csv,596
decimal2776.csv,103836
decimal736.csv,178125
decimal1294.csv,89673
decimal2945.csv,571
decimal3483.csv,18665
decimal905.csv,13524
decimal2789.csv,2552
decimal2951.csv,40738
decimal3497.csv,3835
decimal911.csv,63734
decimal1280.csv,61652
decimal2979.csv,981
decimal939.csv,6874
decimal938.csv,33329
decimal2978.csv,5644
decimal1281.csv,14080
decimal910.csv,28356
decimal3496.csv,56585
decimal2950.csv,6401
decimal2788.csv,2317
decimal904.csv,21267
decimal3482.csv,4682
decimal2944.csv,104076
decimal1295.csv,23808
decimal2011.csv,6306
decimal1518.csv,20337
decimal737.csv,93641
decimal2777.csv,33433
decimal3469.csv,8452
decimal723.csv,8994
decimal2763.csv,50921
decimal2005.csv,63005
decimal1524.csv,89784
decimal3333.csv,122090
decimal3455.csv,981
decimal2993.csv,4978
decimal1242.csv,10270
decimal1256.csv,20414
decimal3441.csv,182207
decimal2987.csv,35695
decimal3327.csv,18867
decimal2039.csv,5698
decimal1530.csv,3928
decimal290.csv,4888
decimal1901.csv,128659
decimal1915.csv,97043
decimal284.csv,10251
decimal1083.csv,571
decimal1929.csv,3836
decimal1097.csv,6346
decimal2575.csv,16706
decimal535.csv,29670
decimal253.csv,17658
decimal2213.csv,4806
decimal247.csv,21152
decimal2207.csv,227724
decimal3119.csv,3287
decimal1068.csv,56465
decimal2561.csv,91073
decimal521.csv,3720
decimal1040.csv,1566
decimal2549.csv,53993
decimal509.csv,7644
decimal3131.csv,81338
decimal1726.csv,4159
decimal1732.csv,13291
decimal3125.csv,15420
decimal1054.csv,169583
decimal482.csv,12914
decimal1875.csv,1841
decimal1861.csv,4103
decimal496.csv,3039
decimal77.csv,76948
decimal1849.csv,5469
decimal1691.csv,5180
decimal2398.csv,137268
decimal3086.csv,195847
decimal3092.csv,55339
decimal63.csv,1720
decimal1685.csv,28991
decimal441.csv,28677
decimal2401.csv,16731
decimal1108.csv,96728
decimal88.csv,33359
decimal3079.csv,27029
decimal2367.csv,123408
decimal327.csv,28366
decimal2373.csv,36452
decimal333.csv,39390
decimal455.csv,32117
decimal2415.csv,7464
decimal1134.csv,9958
decimal3045.csv,5197
decimal1652.csv,30504
decimal1646.csv,32203
decimal3051.csv,36164
decimal469.csv,6206
decimal2429.csv,94965
decimal1120.csv,17325
decimal680.csv,4384
decimal2818.csv,3614
decimal858.csv,61915
decimal694.csv,5380
decimal3284.csv,6012
decimal1493.csv,226300
decimal2824.csv,2861
decimal864.csv,1170
decimal2830.csv,137242
decimal870.csv,43174
decimal1487.csv,1724
decimal3290.csv,24074
decimal125.csv,104072
decimal2165.csv,14907
decimal2603.csv,6721
decimal643.csv,7513
decimal3509.csv,164100
decimal2617.csv,42064
decimal657.csv,92605
decimal1478.csv,122415
decimal131.csv,15468
decimal2171.csv,6419
decimal1450.csv,34568
decimal119.csv,17650
decimal2159.csv,11031
decimal3247.csv,33499
decimal3521.csv,136937
decimal1336.csv,10591
decimal1322.csv,16710
decimal3535.csv,3895
decimal3253.csv,23018
decimal1444.csv,7549
decimal135.csv,3169
decimal2175.csv,195397
decimal2613.csv,42697
decimal653.csv,4759
decimal2607.csv,37583
decimal647.csv,19469
decimal3519.csv,124137
decimal1468.csv,45442
decimal121.csv,13415
decimal2161.csv,92767
decimal1440.csv,3038
decimal3257.csv,15765
decimal109.csv,4667
decimal2149.csv,33538
decimal3531.csv,100445
decimal1326.csv,16709
decimal1332.csv,14635
decimal3525.csv,8270
decimal3243.csv,825
decimal1454.csv,292
decimal2808.csv,41729
decimal848.csv,9179
decimal690.csv,8981
decimal684.csv,13542
decimal3294.csv,7036
decimal1483.csv,5978
decimal2834.csv,21279
decimal874.csv,23697
decimal2820.csv,49976
decimal860.csv,54519
decimal1497.csv,81149
decimal3280.csv,67291
decimal451.csv,31423
decimal2411.csv,6804
decimal1118.csv,260
decimal98.csv,102137
decimal2377.csv,750
decimal337.csv,5950
decimal3069.csv,28022
decimal2363.csv,3201
decimal323.csv,8821
decimal445.csv,151405
decimal2405.csv,53900
decimal1124.csv,130135
decimal3055.csv,18863
decimal1642.csv,6221
decimal1656.csv,4468
decimal3041.csv,5602
decimal479.csv,6763
decimal2439.csv,73757
decimal1130.csv,61451
decimal492.csv,122
decimal1865.csv,32915
decimal1871.csv,28177
decimal486.csv,2455
decimal1681.csv,6383
decimal1859.csv,35479
decimal67.csv,12062
decimal3096.csv,42387
decimal2388.csv,13777
decimal3082.csv,8143
decimal1695.csv,116134
decimal73.csv,13373
decimal2565.csv,20428
decimal525.csv,15783
decimal243.csv,25402
decimal2203.csv,190203
decimal3109.csv,61515
decimal257.csv,6128
decimal2217.csv,15050
decimal1078.csv,9869
decimal2571.csv,11701
decimal531.csv,5733
decimal1050.csv,87694
decimal2559.csv,34316
decimal519.csv,18675
decimal3121.csv,4673
decimal1736.csv,2782
decimal1722.csv,9731
decimal3135.csv,13002
decimal1044.csv,29846
decimal280.csv,7054
decimal1911.csv,53150
decimal1905.csv,35431
decimal294.csv,11656
decimal1093.csv,91015
decimal1939.csv,172032
decimal1087.csv,6032
decimal2001.csv,112592
decimal1508.csv,22086
decimal3479.csv,9969
decimal727.csv,172030
decimal2767.csv,8582
decimal733.csv,7799
decimal2773.csv,8785
decimal2015.csv,25074
decimal1534.csv,1410
decimal3323.csv,59124
decimal3445.csv,32172
decimal2983.csv,8043
decimal1252.csv,14444
decimal1246.csv,9656
decimal3451.csv,11991
decimal2997.csv,19519
decimal2029.csv,5737
decimal3337.csv,139857
decimal1520.csv,77132
decimal928.csv,26415
decimal2968.csv,39542
decimal1291.csv,7632
decimal2798.csv,6787
decimal3486.csv,16987
decimal900.csv,25992
decimal2940.csv,8629
decimal3492.csv,171512
decimal914.csv,126371
decimal2954.csv,10212
decimal1285.csv,156883
decimal1284.csv,4353
decimal2955.csv,9258
decimal915.csv,1724
decimal3493.csv,7690
decimal2941.csv,3783
decimal901.csv,38953
decimal3487.csv,27433
decimal2799.csv,12723
decimal1290.csv,7626
decimal2969.csv,6244
decimal929.csv,3868
decimal2996.csv,5505
decimal3450.csv,21340
decimal1247.csv,29512
decimal1521.csv,1176
decimal3336.csv,9896
decimal2028.csv,96484
decimal3322.csv,17412
decimal1535.csv,9387
decimal1253.csv,6686
decimal2982.csv,14880
decimal3444.csv,121891
decimal2772.csv,9128
decimal732.csv,46443
decimal2014.csv,81436
decimal1509.csv,1245
decimal2000.csv,5602
decimal2766.csv,9113
decimal726.csv,5797
decimal3478.csv,34476
decimal1938.csv,625
decimal1086.csv,6745
decimal1092.csv,7506
decimal295.csv,9438
decimal1904.csv,75912
decimal1910.csv,9932
decimal281.csv,3711
decimal3134.csv,2763
decimal1723.csv,1841
decimal1045.csv,17679
decimal518.csv,38992
decimal2558.csv,9085
decimal1051.csv,39580
decimal1737.csv,7960
decimal3120.csv,140468
decimal2216.csv,80127
decimal256.csv,8115
decimal3108.csv,6030
decimal530.csv,41036
decimal2570.csv,5052
decimal1079.csv,12080
decimal524.csv,16888
decimal2564.csv,124002
decimal2202.csv,27949
decimal242.csv,5215
decimal72.csv,59979
decimal1694.csv,7840
decimal3083.csv,119442
decimal2389.csv,178212
decimal3097.csv,3826
decimal66.csv,2555
decimal1858.csv,4951
decimal1680.csv,2446
decimal1870.csv,60366
decimal487.csv,15573
decimal493.csv,15657
decimal1864.csv,9716
decimal3040.csv,25986
decimal1657.csv,12618
decimal1131.csv,175482
decimal2438.csv,40026
decimal478.csv,7359
decimal1125.csv,16194
decimal1643.csv,6012
decimal3054.csv,3990
decimal322.csv,77498
decimal2362.csv,1410
decimal2404.csv,91713
decimal444.csv,77652
decimal1119.csv,10419
decimal2410.csv,47858
decimal450.csv,8576
decimal3068.csv,50302
decimal336.csv,62213
decimal2376.csv,2871
decimal99.csv,7190
decimal861.csv,3975
decimal2821.csv,224540
decimal3281.csv,6631
decimal1496.csv,15191
decimal1482.csv,2631
decimal3295.csv,12685
decimal875.csv,8765
decimal2835.csv,32829
decimal685.csv,3969
decimal691.csv,57134
decimal849.csv,45336
decimal2809.csv,8140
decimal3524.csv,21557
decimal1333.csv,10956
decimal1455.csv,76153
decimal3242.csv,11969
decimal2148.csv,62218
decimal108.csv,15691
decimal3256.csv,27700
decimal1441.csv,123966
decimal1327.csv,6476
decimal3530.csv,16683
decimal3518.csv,46896
decimal646.csv,159664
decimal2606.csv,3100
decimal2160.csv,37603
decimal120.csv,5629
decimal1469.csv,9456
decimal2174.csv,71952
decimal134.csv,16587
decimal652.csv,5253
decimal2612.csv,74607
decimal122.csv,20749
decimal2162.csv,4849
decimal2604.csv,112648
decimal644.csv,11936
decimal1319.csv,3322
decimal2610.csv,43510
decimal650.csv,10917
decimal888.csv,27921
decimal3268.csv,5925
decimal136.csv,90453
decimal2176.csv,14982
decimal3240.csv,139653
decimal1457.csv,15253
decimal1331.csv,34581
decimal2638.csv,162643
decimal678.csv,5573
decimal3526.csv,4499
decimal3532.csv,11976
decimal1325.csv,6650
decimal1443.csv,3848
decimal3254.csv,71727
decimal687.csv,5170
decimal693.csv,30233
decimal1494.csv,5423
decimal3283.csv,37781
decimal2823.csv,27875
decimal863.csv,37001
decimal2837.csv,4585
decimal877.csv,7758
decimal2189.csv,93746
decimal3297.csv,108564
decimal1480.csv,18419
decimal446.csv,42203
decimal2406.csv,7969
decimal2360.csv,10695
decimal320.csv,3385
decimal1669.csv,5251
decimal2374.csv,15666
decimal334.csv,20977
decimal452.csv,6266
decimal2412.csv,6964
decimal1133.csv,20817
decimal1655.csv,28087
decimal3042.csv,52445
decimal2348.csv,12344
decimal308.csv,645
decimal3056.csv,27266
decimal1899.csv,170118
decimal1641.csv,5092
decimal1127.csv,31544
decimal485.csv,7052
decimal1872.csv,295
decimal1866.csv,38501
decimal58.csv,10276
decimal491.csv,189750
decimal3081.csv,4564
decimal1696.csv,48449
decimal70.csv,185105
decimal1682.csv,5075
decimal64.csv,8899
decimal3095.csv,37897
decimal2572.csv,2518
decimal532.csv,19848
decimal254.csv,4835
decimal2214.csv,114494
decimal1709.csv,73448
decimal240.csv,141940
decimal2200.csv,9852
decimal2566.csv,5876
decimal526.csv,11024
decimal1047.csv,2054
decimal1721.csv,4769
decimal3136.csv,7001
decimal268.csv,63769
decimal2228.csv,5713
decimal3122.csv,72043
decimal1735.csv,10711
decimal1053.csv,170364
decimal1906.csv,6859
decimal297.csv,21216
decimal283.csv,93025
decimal1912.csv,29844
decimal1084.csv,5252
decimal2599.csv,107124
decimal1090.csv,23438
decimal2016.csv,25919
decimal3308.csv,9443
decimal730.csv,4668
decimal2770.csv,131366
decimal1279.csv,80182
decimal724.csv,8010
decimal2764.csv,10593
decimal2002.csv,29400
decimal3334.csv,10247
decimal1523.csv,7934
decimal1245.csv,4556
decimal3452.csv,7134
decimal2994.csv,112771
decimal3446.csv,89429
decimal2980.csv,3334
decimal718.csv,29614
decimal2758.csv,14307
decimal1251.csv,10281
decimal1537.csv,14075
decimal3320.csv,750
decimal917.csv,5237
decimal3491.csv,693
decimal2957.csv,3978
decimal1286.csv,12074
decimal1292.csv,7392
decimal903.csv,4430
decimal3485.csv,5077
decimal2943.csv,17375
decimal2942.csv,13292
decimal3484.csv,10859
decimal902.csv,65606
decimal1293.csv,22138
decimal1287.csv,27108
decimal2956.csv,7409
decimal3490.csv,22417
decimal916.csv,13813
decimal1250.csv,19731
decimal2759.csv,33529
decimal719.csv,6533
decimal2981.csv,22340
decimal3447.csv,5750
decimal3321.csv,1477
decimal1536.csv,21414
decimal1522.csv,17185
decimal3335.csv,4961
decimal2995.csv,9008
decimal3453.csv,127690
decimal1244.csv,25605
decimal2765.csv,46643
decimal725.csv,15561
decimal2003.csv,9864
decimal3309.csv,15312
decimal2017.csv,5782
decimal1278.csv,23097
decimal2771.csv,30047
decimal731.csv,5913
decimal1091.csv,8653
decimal2598.csv,8348
decimal1085.csv,4542
decimal1913.csv,3942
decimal282.csv,6047
decimal296.csv,193461
decimal1907.csv,10605
decimal1734.csv,83062
decimal3123.csv,3378
decimal1052.csv,13733
decimal1046.csv,50209
decimal2229.csv,16938
decimal269.csv,123318
decimal3137.csv,160995
decimal1720.csv,4414
decimal2201.csv,4762
decimal241.csv,5295
decimal1708.csv,53945
decimal527.csv,6102
decimal2567.csv,25108
decimal533.csv,485
decimal2573.csv,20484
decimal2215.csv,17363
decimal255.csv,2615
decimal3094.csv,11679
decimal65.csv,6745
decimal1683.csv,64109
decimal71.csv,16939
decimal1697.csv,4713
decimal3080.csv,42579
decimal59.csv,194592
decimal1867.csv,4255
decimal490.csv,42633
decimal484.csv,2598
decimal1873.csv,27760
decimal1640.csv,78247
decimal1898.csv,226983
decimal3057.csv,46035
decimal309.csv,17073
decimal2349.csv,5797
decimal1126.csv,2847
decimal1132.csv,4535
decimal3043.csv,179081
decimal1654.csv,2653
decimal335.csv,7814
decimal2375.csv,114021
decimal2413.csv,12736
decimal453.csv,4083
decimal2407.csv,63265
decimal447.csv,3231
decimal1668.csv,38256
decimal321.csv,30590
decimal2361.csv,32365
decimal876.csv,132232
decimal2836.csv,4434
decimal1481.csv,27008
decimal3296.csv,28986
decimal2188.csv,36452
decimal3282.csv,11272
decimal1495.csv,79943
decimal862.csv,8152
decimal2822.csv,56609
decimal692.csv,46413
decimal686.csv,5942
decimal1324.csv,38738
decimal3533.csv,65862
decimal3255.csv,17679
decimal1442.csv,11263
decimal1456.csv,7144
decimal3241.csv,8699
decimal3527.csv,94504
decimal679.csv,62064
decimal2639.csv,62273
decimal1330.csv,3775
decimal889.csv,39577
decimal651.csv,18666
decimal2611.csv,40243
decimal1318.csv,18580
decimal2177.csv,21869
decimal137.csv,12479
decimal3269.csv,8935
decimal2163.csv,25948
decimal123.csv,25381
decimal645.csv,14507
decimal2605.csv,46120
